series,naive2,snaive,ets,damped,theta,comb
Y1,36.81966778285759,36.81966778285759,6.260278854266251,6.584664817905647,27.369362321305132,12.441828373059609
Y10,52.72325552946963,52.72325552946963,67.67549934417721,63.0939384887078,58.21956082249479,62.956089900301265
Y100,26.89567241478772,26.89567241478772,19.810894258426046,29.74368695304715,24.49923431896009,24.580627274430686
Y101,31.494345999479716,31.494345999479716,23.568018495201596,30.115844073474847,27.879454549179417,27.148494400264326
Y102,11.23896038965787,11.23896038965787,14.474645006428466,13.971399553940893,13.472730486544203,10.380852148617663
Y103,13.385098353600421,13.385098353600421,28.598651343344688,18.841407004810176,28.819364713133805,25.410025830456856
Y104,6.367608391450095,6.367608391450095,4.25349906451803,4.186976123106678,8.527099049507292,4.197321923927677
Y105,8.959356603266695,8.959356603266695,24.705515096530856,10.928702957377794,16.235607693811104,17.51056241981531
Y106,14.461499665962855,14.461499665962855,16.77816074935687,17.191434519782135,20.03055053994252,17.98798122079702
Y107,26.37783989167364,26.37783989167364,33.073438769959495,19.977336792182026,67.72401891491414,38.28320313440038
Y108,30.880225521493667,30.880225521493667,19.18142928964604,21.578560318373324,24.666335897813543,20.663088483795374
Y109,55.883869336875684,55.883869336875684,57.72491962275805,63.93051806437129,64.9824786671758,51.88584057393532
Y11,15.439910283782751,15.439910283782751,29.519275632548716,29.080852370089584,8.18152619206913,18.708148194477925
Y110,38.770265119975356,38.770265119975356,39.45017151105012,37.06936658244481,35.395934250941416,36.704133116424636
Y111,59.82093914647795,59.82093914647795,64.16977549335562,62.57126319712868,63.4255239815571,63.393062245002376
Y112,7.930191393677563,7.930191393677563,12.320936936086815,11.14823888606295,6.817714345720418,9.365872206588675
Y113,62.52123225766326,62.52123225766326,116.68388946013431,116.38494104849413,68.19746076500842,105.9549527880668
Y114,44.165454217055704,44.165454217055704,35.571748612093494,36.24246591157053,40.86331670237365,37.547005550127274
Y115,66.49907637013654,66.49907637013654,26.82426953535244,26.678123535549627,56.84108959130898,35.854339913536286
Y116,118.24294898937596,118.24294898937596,121.08597323604381,124.28097222633818,122.95265402574019,122.82128406177826
Y117,16.641279371583085,16.641279371583085,19.345950520743894,18.93399144181579,17.694804795730644,18.598062231273257
Y118,27.789102421074418,27.789102421074418,44.665682347249174,38.9980532749023,49.25747537173098,44.20575458803433
Y119,33.249167545705255,33.249167545705255,29.348627867356075,29.065599347971727,34.240326899235136,30.92034989220029
Y12,48.941842705531236,48.941842705531236,20.423934649390986,20.159009120107218,38.85980264772321,26.09412197535703
Y120,22.960009370214866,22.960009370214866,35.03856518778628,34.53464672105566,17.032203305905764,23.548726360621277
Y121,52.102474603302916,52.102474603302916,46.26375984473943,46.21504937182573,50.014453492765284,47.47675153568864
Y122,30.10395256293239,30.10395256293239,47.31991191283927,46.64697471307972,41.2133060890988,45.11869826707807
Y123,33.39444262023585,33.39444262023585,27.7429331153271,40.061239498232815,36.9556783506012,34.747777539956566
Y124,12.669567248232758,12.669567248232758,38.23211412093777,38.12121214198263,19.748758100387096,32.57348283889046
Y125,14.56745614061032,14.56745614061032,11.584503671226683,12.046585027822983,13.270283453019594,12.21018382373141
Y126,43.33306741744937,43.33306741744937,26.984674240066067,28.023662937257814,34.624232737262346,29.545404879200436
Y127,51.50216564132907,51.50216564132907,40.92456304111426,41.16553214067854,44.566237049763124,39.81820766959012
Y128,31.5920573660017,31.5920573660017,28.815894906158913,31.14876082904948,33.27152349606333,28.496469507707634
Y129,62.44016333306411,62.44016333306411,37.01395817020429,37.025789541538956,37.4417428032563,37.16097041554534
Y13,7.915514254988367,7.915514254988367,11.442719933980399,10.827000070798327,5.674698723527279,9.251734452789071
Y130,68.56174228304414,68.56174228304414,73.00423492711815,72.85907023281702,71.29009552083984,72.39853239480361
Y131,51.340578073982044,51.340578073982044,8.128169227079674,8.551550159325672,41.63909456345005,17.943012692205105
Y132,17.95089063546412,17.95089063546412,3.0438846373979733,3.04656932936495,8.569852383343331,4.346528400876482
Y133,37.53054874352977,37.53054874352977,49.587268597622675,48.604036300070014,44.004263668491035,47.44798762091687
Y134,19.183768447652607,19.183768447652607,52.7377129438182,49.31705525210926,29.696566467924118,44.68832762945649
Y135,33.84998144588305,33.84998144588305,34.63184848225067,33.71496566026044,34.037779554473055,33.880223840213574
Y136,30.554838630775063,30.554838630775063,13.394474400255044,13.937201740792915,8.965183945623496,12.0738801113269
Y137,11.125051515040582,11.125051515040582,47.58573943360282,46.54372726904282,55.46399121353061,49.79464505180962
Y138,13.769476988417935,13.769476988417935,13.07804192401988,13.744532252462056,13.7658887441617,13.526074967120799
Y139,58.07748815677979,58.07748815677979,57.564562050994134,57.80039784862945,57.56610920896254,57.64341524809749
Y14,10.397447521238746,10.397447521238746,84.67512184593643,61.014185259868015,11.24330780542735,55.62210853624371
Y140,57.59600395883413,57.59600395883413,39.43716842086195,40.42754675895644,48.82462567474937,42.81686276349512
Y141,4.5155912824498285,4.5155912824498285,24.53256494782292,24.250343004220515,9.21787934807106,19.255701754083617
Y142,3.011620107465289,3.011620107465289,4.016570620068579,4.049300918571154,5.564130501227097,4.184381801708338
Y143,11.031082921305126,11.031082921305126,9.715929148034094,9.137226188639564,5.159827903182681,7.775942580081439
Y144,26.259479134043815,26.259479134043815,19.999916305956162,29.54875821468528,25.81639047135812,25.01673545334104
Y145,45.27850393246388,45.27850393246388,5.883699232564434,5.9848243511783075,39.2634848186487,12.16942254205253
Y146,26.813626158508285,26.813626158508285,22.23319774192051,26.90750735197035,26.171679312081448,23.37675101988741
Y147,19.80712667647587,19.80712667647587,53.38382309723206,31.401783931040814,9.014148003682891,21.708845955996072
Y148,33.276968110561384,33.276968110561384,10.773888399458409,13.804477318183464,20.150887126548927,15.044606456200102
Y149,14.779778066609518,14.779778066609518,12.107086049626936,14.424669175562721,12.001464465697476,12.754331424184192
Y15,24.37338270299519,24.37338270299519,7.458549686411857,5.3796568594746255,16.193772824259387,6.516609290856984
Y150,28.06351673436086,28.06351673436086,29.13411114557856,28.058275560769985,30.412659972463274,29.0372484917891
Y151,20.16715140001143,20.16715140001143,13.164302727161703,19.99922460570942,17.85678063770364,16.69724785246308
Y152,7.703040505787971,7.703040505787971,10.88048610723007,11.209913201035823,11.20045692807365,11.096809651248165
Y153,6.461872684295691,6.461872684295691,21.090833240347916,6.062004116948306,6.445643011683397,8.137387312764643
Y154,60.516110052945,60.516110052945,55.18513213526722,55.71816575541961,55.112557622621715,55.33827126553348
Y155,27.202377701040742,27.202377701040742,31.14118213598904,30.271513895442897,33.27816071943504,31.57495107065226
Y156,11.604070124023446,11.604070124023446,15.853753895295048,8.843344885601914,7.810366667400063,6.217613667996564
Y157,4.257361259603148,4.257361259603148,17.92552233340535,17.894790598816947,1.296297045326563,12.256000782457583
Y158,12.224837188995636,12.224837188995636,3.176889612355841,2.9902482941240645,7.928407137571665,4.405259936605531
Y159,36.02429038402243,36.02429038402243,22.31298224420918,22.2881675952963,32.41883397995735,25.557322241321515
Y16,9.813027033626822,9.813027033626822,14.066563516272106,11.047338496628969,12.048733246646941,12.458074208270157
Y160,9.97448738878191,9.97448738878191,2.2736581338059536,5.432853783979881,4.743915003246731,4.0265593802381385
Y161,11.525808012746372,11.525808012746372,5.838993459915315,6.60500143085351,8.38883905761791,6.933309169591844
Y162,35.83084984300814,35.83084984300814,31.58069747431105,28.82410116975413,23.01375005101144,27.884864285292494
Y163,8.136005358446546,8.136005358446546,22.486173282660946,21.771356594758107,15.260316095762207,19.787263805469685
Y164,5.904493600700229,5.904493600700229,2.054231212048409,6.138981988999729,2.485271758656935,2.910762265391756
Y165,5.927388090135711,5.927388090135711,2.1796642066187464,5.510654760871666,2.3039684721025413,2.506840397160865
Y166,7.114928099884023,7.114928099884023,121.93999390214834,111.64725917670313,41.8510526368753,96.55787882365695
Y167,6.151547829869503,6.151547829869503,14.357948331157056,11.087845693053529,3.609039823099583,9.092907147915119
Y168,10.23031407459172,10.23031407459172,18.303408474469222,7.6782376564526365,6.498397994320037,7.13219409271007
Y169,11.191010222699475,11.191010222699475,4.700566621309725,4.727345652639339,7.315031156161837,2.454625180724617
Y17,5.717319620810169,5.717319620810169,17.391941376249477,17.052145689380172,12.315865989558821,15.630388993619947
Y170,37.55008518054933,37.55008518054933,4.617878416560994,16.856436139875346,33.37025384473023,17.54607616508181
Y171,38.39265425529275,38.39265425529275,3.14700425605168,14.480345727210818,34.31310930769674,15.503751321797056
Y172,9.614695932217606,9.614695932217606,29.983303622490485,29.592962039891763,6.360084342203394,19.88320033947965
Y173,9.51428514315212,9.51428514315212,27.456794163391702,27.084669290776176,6.528669065036823,18.753414233305893
Y174,67.32797365260949,67.32797365260949,87.89940105490336,87.824336560953,69.22790174387988,81.91074940992284
Y175,9.59416418710026,9.59416418710026,30.379125745410864,30.009016260416384,6.999114733270602,21.32774218141947
Y176,6.580940312356276,6.580940312356276,30.191361745307706,29.914544169207797,3.2869686522738264,20.617652795127047
Y177,9.145767390193933,9.145767390193933,25.05648187480163,24.787701826037164,12.933873051058695,21.244796011271347
Y178,10.246512572814028,10.246512572814028,8.119509491069227,10.514532199240543,10.431348200328648,9.551398671122639
Y179,12.73228374315506,12.73228374315506,16.21735969023723,13.326911239885446,13.42767933657566,14.275040681062587
Y18,41.56605837319314,41.56605837319314,39.29794963174812,34.275315260704005,46.83847260731407,40.31260725418333
Y180,14.678992316794181,14.678992316794181,17.52011255647375,14.588361344974274,12.316556205294019,14.858556664041757
Y181,22.21900860933171,22.21900860933171,16.487003310955537,16.422794277982362,20.63065413456575,16.52984609709332
Y182,9.781699802783324,9.781699802783324,21.43463462538736,11.585489763513438,12.368634910808785,15.360773318299406
Y183,22.693332250720747,22.693332250720747,16.178859015953858,17.815780621660608,20.165786518783225,17.803840177019236
Y184,15.05377078629264,15.05377078629264,5.978267290236727,4.15371512080845,11.589571914829259,4.437449417467385
Y185,6.136697870679396,6.136697870679396,17.39999963122475,5.353759618129622,5.573893421419471,7.174233591162135
Y186,37.856359776631216,37.856359776631216,20.048098874435844,27.988683498543555,34.547535863192756,27.343147693694704
Y187,9.961487377896384,9.961487377896384,19.095880289376947,13.928129826199017,12.10193724792157,15.142304484272714
Y188,57.39995983753682,57.39995983753682,47.29855193181189,43.27056339005805,52.250363113509046,47.417504368988055
Y189,45.5494983258667,45.5494983258667,34.93568093767339,35.903588131976186,39.85847059984696,36.87630402503631
Y19,7.465160549224688,7.465160549224688,13.610938113903364,16.88508207838227,7.6502086921680865,12.548423800373904
Y190,27.762298343528272,27.762298343528272,12.189364947153711,11.782035733690655,23.89557406041509,6.942135097516424
Y191,12.218873417890618,12.218873417890618,22.314944550053962,12.585952475399333,15.706235470513581,16.848227076191936
Y192,68.48847038025713,68.48847038025713,114.04314822723613,108.01289011935269,76.69306300376104,98.50524553121045
Y193,49.20913209883934,49.20913209883934,115.96390987232708,56.02978776526141,71.15946517050757,78.6687385876951
Y194,10.681675852556348,10.681675852556348,5.8610855629526775,8.248175018788523,12.121019959700158,8.558417678762561
Y195,10.911926081238251,10.911926081238251,14.09605692161921,13.784842695552049,11.545354912939139,13.088965531639865
Y196,4.304967197694258,4.304967197694258,16.772146345647958,5.85935437500358,5.089619931304952,5.644559747870257
Y197,15.77967064973439,15.77967064973439,12.6907303063168,13.38038972882813,14.187072015252673,13.415313560579902
Y198,7.795267172408774,7.795267172408774,4.170406399794869,6.619190783832434,4.745837601090284,4.408019285971605
Y199,31.890393152203426,31.890393152203426,31.014720990575437,31.94188511758759,31.890834928586884,31.617610859159516
Y2,19.15232759941446,19.15232759941446,6.572241501404366,16.749624307207046,11.963735770026297,11.48208961711196
Y20,14.266367051186995,14.266367051186995,38.80926008947296,39.057149734233775,23.110835583265498,34.065073360465675
Y200,17.182866180828324,17.182866180828324,12.267203643776208,14.589503443136365,13.915601418030107,13.505503730431187
Y201,29.547647402848,29.547647402848,91.00646701057205,73.42331091417232,56.688212855369905,72.86320110581728
Y202,12.884029358632196,12.884029358632196,9.691306331522624,9.786975022507747,10.693193986180868,9.891078005129394
Y203,24.79821003348036,24.79821003348036,18.451653161070066,19.645117594362187,21.199282861282597,19.75650084984906
Y204,13.616756648072085,13.616756648072085,19.009541795985427,10.737866833346288,9.295299242344589,12.571616509346088
Y205,37.439988169542666,37.439988169542666,16.659143376417163,18.6974831550224,16.24326032116191,17.18864022409979
Y206,6.515730575339833,6.515730575339833,5.4474070178533305,5.676937399842205,4.568883173314328,5.227609165341378
Y207,24.14284656085701,24.14284656085701,20.203293906943838,21.035683860436162,22.86049996524605,21.359867221100615
Y208,3.055360613201706,3.055360613201706,5.533927458892717,2.857577100343276,3.568132489750127,4.000812470948056
Y209,9.92875508803514,9.92875508803514,18.54271412504619,6.677402943036728,11.764103987078434,5.863193480241983
Y21,15.140878152557578,15.140878152557578,6.417744521924784,4.767838571314382,5.423175793998813,5.037448658854411
Y210,6.404799075051983,6.404799075051983,4.507271859021007,4.394776352740028,2.9546989400891004,3.858531422495146
Y211,4.914617027346522,4.914617027346522,3.8007133402677304,2.668355249820218,2.3538343368878554,2.709146049906444
Y212,4.258014446522856,4.258014446522856,4.879965375095973,5.756568289479208,7.642661933350976,4.303508229205207
Y213,8.005176853531319,8.005176853531319,2.2139614346754284,6.383029233373395,4.941517707739999,4.494781460336956
Y214,5.285104572952849,5.285104572952849,5.186108220195962,5.084771052503797,5.3006102418254795,5.190441528362676
Y215,23.5630406493917,23.5630406493917,24.27589319552987,15.750606067621518,27.838452018044848,14.570929092519824
Y216,19.461290327553474,19.461290327553474,13.262943642678769,14.100903160858808,16.326866207693215,14.553048143022236
Y217,11.112260360615076,11.112260360615076,33.073425765704464,28.247552825004732,24.961212081700353,28.71213892431446
Y218,10.744601368535605,10.744601368535605,32.22877057213805,26.444052245297154,22.560308269654104,26.80371788968434
Y219,17.50630110473981,17.50630110473981,14.256195446464412,14.338310565149014,12.772633855884877,13.785956404384377
Y22,6.994386349659956,6.994386349659956,69.91067381759723,69.4174770655181,12.041493937189285,55.51484563405297
Y220,76.95010488551812,76.95010488551812,71.3438631712806,72.10470926532936,61.246235108280956,68.11038629794932
Y221,4.980143586470934,4.980143586470934,15.747457889049679,12.900477603630682,19.8710756037928,15.972522566013467
Y222,16.20814797974406,16.20814797974406,21.906527880571375,21.40643936366422,16.083721001213338,19.828700003895303
Y223,47.67078431582553,47.67078431582553,29.63652237598443,47.66388235004792,39.89651229660657,39.530375093784556
Y224,5.376473915854741,5.376473915854741,10.038097211741905,9.115317856836127,8.674623270000922,9.278120683646387
Y225,10.111384555911675,10.111384555911675,6.8746238573663705,9.180003343773004,8.453193671137873,8.163873498029753
Y226,3.401036322249006,3.401036322249006,1.3040195998946917,1.3280993428339833,1.4919136414239793,1.3639351178210495
Y227,2.282711186972616,2.282711186972616,7.475638509590778,4.29576951083999,5.087068991172878,5.631283305791583
Y228,11.279557366696778,11.279557366696778,6.460118837580339,7.232114103828799,8.09070923865801,7.204388647141495
Y229,26.570880933635447,26.570880933635447,31.560497790990368,30.430651349031212,27.66048265304533,29.869525393929624
Y23,18.440751176717768,18.440751176717768,12.335316547197849,15.953116258415067,13.177076077703513,13.615522236437549
Y230,17.0928922575012,17.0928922575012,33.38904250467187,30.797124355392103,26.097967697310295,30.046810283733105
Y231,32.1745703949243,32.1745703949243,35.37010195836836,34.937075658045565,31.591664790086273,33.98827509853159
Y232,17.34489054245918,17.34489054245918,21.218703170126876,23.67666784531414,21.05087833199896,21.97529403464183
Y233,9.126876727786428,9.126876727786428,15.90347090567528,16.65289834768784,15.71856382603122,16.090810128215143
Y234,6.232750523983442,6.232750523983442,7.9313827050658245,7.863445156283667,7.384772613707735,7.722023405626699
Y235,10.826205046994971,10.826205046994971,12.63051653270537,12.240910323503009,12.061685517901964,12.229116994238305
Y236,2.8435753087490294,2.8435753087490294,5.01299697470666,4.3288583257496445,3.8061075507989277,4.341213399524762
Y237,9.831285996462823,9.831285996462823,13.301335613881294,10.534570841135038,11.064343102422194,11.567834429429917
Y238,2.112519125624403,2.112519125624403,33.466455564721834,17.092045125086162,4.467551435092037,17.60549266369507
Y239,4.698072123172745,4.698072123172745,5.122559064686798,6.674516833665455,5.946059157590945,5.822689530542706
Y24,19.78363555012076,19.78363555012076,5.1305888146196486,5.398279143683536,10.38045469902845,6.652472494267294
Y240,6.7506678504017374,6.7506678504017374,12.451662491917078,6.748775915491756,7.373826681940287,4.116258519981623
Y241,58.54327028181222,58.54327028181222,52.393360373211515,53.36751043825899,54.66574054306005,53.47161264517521
Y242,7.673578282686787,7.673578282686787,6.181073229200273,6.5890387854386026,6.137283830182511,6.29256566812914
Y243,25.585033144516334,25.585033144516334,20.309931432734682,20.077906796518427,19.326311989812833,19.90682585621372
Y244,41.59502031057753,41.59502031057753,48.94945389854305,45.23120648723552,38.35301249922845,44.37562222113817
Y245,60.0883467692502,60.0883467692502,73.40767150780556,72.22870143772673,65.48029710573289,70.31995529422565
Y246,23.04211938233279,23.04211938233279,21.746426580551447,23.255201283466004,22.48152130135378,22.49273839885487
Y247,42.20056555399082,42.20056555399082,47.81041612000482,44.430440890311665,45.07827355457934,45.79157967092146
Y248,10.1216245277389,10.1216245277389,5.092438637506695,5.415428182228717,6.866552357307971,5.634084061967477
Y249,11.502344486901718,11.502344486901718,5.42516120437027,4.155943565888314,7.496786285585706,5.680054125646945
Y25,23.1320260753718,23.1320260753718,6.043214414808388,8.53129965807347,14.983748161097493,3.6175787839026547
Y250,10.907610633582285,10.907610633582285,6.05293167318109,8.043252168923965,7.298280148294663,7.1275579555128274
Y251,8.980240186447174,8.980240186447174,3.0418672642200195,2.9090086520010168,4.382601380188808,2.920582843465214
Y252,10.371968077254737,10.371968077254737,3.1394058647957306,6.9477830253981,6.804890026693065,5.61257894517735
Y253,10.47487554075981,10.47487554075981,4.511471841989969,6.093128144867351,7.502848953599885,5.977608507984441
Y254,5.693873980446909,5.693873980446909,3.3332510621709672,2.1817417576334757,1.7514718250493848,0.7948320101778968
Y255,9.954374236465188,9.954374236465188,2.2851620350612034,3.347095950872484,5.89136981585765,3.8275096136623445
Y256,16.290870246527145,16.290870246527145,6.448411232038268,7.017600556819441,11.314907190765872,8.233459324576279
Y257,9.026666027861033,9.026666027861033,2.855077203255066,5.568193677260967,5.851423815250942,4.702540777625158
Y258,4.028155121293853,4.028155121293853,5.992340995350388,5.642198467895999,1.2109550458818445,4.234926683000466
Y259,6.353966468835683,6.353966468835683,2.2308160201873926,2.2066336204356873,3.7437278644149985,2.527471576875484
Y26,7.928831393149127,7.928831393149127,55.06503891310527,49.07214382907296,13.685043811758277,41.47589258840759
Y260,7.904248818397266,7.904248818397266,3.4660690188164516,3.7028266537048182,6.231597115767439,4.457533401403188
Y261,9.078491386814989,9.078491386814989,3.5764776696328515,3.7430753316672085,6.559236575864674,4.394610456779913
Y262,8.276814557306018,8.276814557306018,1.812358945126091,1.7825667345049307,4.864958172859213,2.414117430221054
Y263,10.392681282553005,10.392681282553005,1.8741278511800514,2.2652965335441184,6.110462065933992,3.3115850509593603
Y264,11.28987398856062,11.28987398856062,5.21190697625319,8.956781881061804,7.450839267750575,7.193323881731626
Y265,10.096661128603985,10.096661128603985,3.2929202136985687,2.626002603235016,5.481236886459862,2.6118917362076144
Y266,9.679742751689377,9.679742751689377,1.776509050680137,5.115813146769466,5.818514479993006,4.21875780943265
Y267,11.061464009630432,11.061464009630432,0.8329544752171545,4.1695639090698995,7.909762680815386,4.043909455962358
Y268,6.778880401752782,6.778880401752782,2.5397170514780156,2.9019533510724744,2.6574695788812925,1.6854395807952585
Y269,12.07988078446004,12.07988078446004,3.3869219368124135,3.919956660723358,7.526257876792659,4.924630521932754
Y27,55.60013626977483,55.60013626977483,44.76134469509132,44.25438750032513,46.49349939554992,45.150815253386725
Y270,14.109079767226062,14.109079767226062,4.614795364339218,6.243613328340575,9.208146813134082,6.667563324406402
Y271,9.49659837089865,9.49659837089865,0.7770206281743263,2.3633531081448074,6.0846165177315115,2.5600256247445783
Y272,3.669036243044856,3.669036243044856,12.691665886252737,12.221097729604855,7.80459278426931,10.936961136869721
Y273,7.634987795757888,7.634987795757888,3.4056182679844493,4.809252492943995,5.959745634752276,4.718291795961421
Y274,6.4636306570175615,6.4636306570175615,3.472383296543341,1.1010107607150876,4.351138629048992,2.9508901626196575
Y275,13.168067649182575,13.168067649182575,6.307454340702669,6.674392016552852,10.345884745004144,7.756516489272439
Y276,7.728620476945764,7.728620476945764,1.4199790034666737,1.3877016716469932,3.9064448368655764,1.3780449239113146
Y277,10.80000144793515,10.80000144793515,1.3447904947468545,1.6343994773998525,5.776733509600038,2.698267967480058
Y278,3.0008709363049717,3.0008709363049717,1.9503648736475718,1.4783785351298588,1.252043581556067,1.5219573170663334
Y279,9.813615947053423,9.813615947053423,2.110306990282984,4.865233454923484,5.78844250360358,4.166515904294834
Y28,21.71524312427242,21.71524312427242,38.53638987809054,38.33163016334597,21.75462100485267,32.85167699079824
Y280,8.145230802545607,8.145230802545607,0.5199155384884688,0.9816701462702883,3.9890728423478574,1.736450502209075
Y281,3.9334381897857527,3.9334381897857527,4.2276794359530845,0.7767813118040313,0.8193812824945582,1.4186901927732791
Y282,5.14704723396639,5.14704723396639,6.890681751749511,4.395461241820696,1.9929826022595176,4.289233604853387
Y283,7.526072320527379,7.526072320527379,1.264560953258788,1.0902615837402396,3.704589965396719,1.15178186488194
Y284,5.436903824831085,5.436903824831085,4.193082143313606,2.870485410877995,0.7882886774443861,2.2820448553821753
Y285,5.892785656838169,5.892785656838169,0.33807660841032056,2.1480430136478006,2.820859086908752,1.6724292825985867
Y286,8.400995388003741,8.400995388003741,2.5159965491726304,2.0522050159175365,2.583176577665249,0.9365959169538502
Y287,4.996724342661014,4.996724342661014,2.1430835149872274,1.0968427423894747,1.2698670582832934,0.7182054522002326
Y288,11.604777140561316,11.604777140561316,5.140107103913975,5.431239033432761,8.718164248271231,6.408027472755936
Y289,4.95410719354975,4.95410719354975,0.9543443361616708,4.4599667731574195,2.3745566025535623,2.090804050913999
Y29,17.508761992209116,17.508761992209116,48.627983894413354,46.45332643005353,3.0033986231383856,34.3978214754693
Y290,6.530186201475757,6.530186201475757,9.61085319518109,9.400012134949826,4.393923697481472,5.132119129513499
Y291,7.936409719802942,7.936409719802942,8.228730478146067,8.273197062689649,7.75568481993466,8.089120404485804
Y292,16.445130878367774,16.445130878367774,10.33780603905602,15.943707603035932,14.862153215093592,13.681101739027431
Y293,18.872118279669902,18.872118279669902,9.4091700686133,12.978853968272574,13.507039402669513,11.944537546734503
Y294,17.882316087500413,17.882316087500413,13.5856806919507,17.520696637631723,16.759988877886425,15.93892055979928
Y295,16.196678627876754,16.196678627876754,14.14101860857935,14.251826481691305,15.52137554027218,14.635907680249444
Y296,8.245527413535903,8.245527413535903,6.87268162919036,8.061825612164757,8.079701560294778,7.664396720446629
Y297,15.070614914451243,15.070614914451243,12.303917839280587,12.956766995697024,13.52752135872152,12.927782585958774
Y298,29.199361439849014,29.199361439849014,25.30655615217061,25.85049552938565,25.714065695826992,25.620907926566733
Y299,9.77629523574832,9.77629523574832,7.201408806166058,7.415709827289046,20.271612591323436,11.456101120377667
Y3,6.40277577606824,6.40277577606824,7.593095692658605,10.181521875998163,13.119426624809426,10.193198925396118
Y30,31.708543382797057,31.708543382797057,17.513999385111216,21.390695562698344,24.511828435431152,21.09500570645609
Y300,16.41011897783641,16.41011897783641,20.632681184582157,15.831473941474053,17.729368555247028,17.704114889014093
Y301,14.97087461175377,14.97087461175377,12.397605582960336,12.47535329625311,14.28637926835622,12.859279762578753
Y302,15.751999600929736,15.751999600929736,6.588638009058656,4.345624856547334,14.33159959394993,5.453577638380259
Y303,19.71433578191262,19.71433578191262,16.19833346836612,16.432479774866447,18.820554237701927,17.1424705313614
Y304,3.2335643796466162,3.2335643796466162,9.098651728133007,8.685466073592904,4.884136361185091,7.367543255165413
Y305,24.148691764142114,24.148691764142114,14.482728810712487,15.020240549706594,19.56968635144184,16.32879956166299
Y306,22.45721007632345,22.45721007632345,8.520039645068893,9.618479203220993,15.92773368516562,11.243026496873007
Y307,15.071339818487795,15.071339818487795,3.3220272234511765,3.9705260695748215,9.24877025827202,5.457045112786557
Y308,20.731542899978727,20.731542899978727,9.704312170909043,11.41260744514811,14.774130817646524,11.801912468295393
Y309,22.17261090169082,22.17261090169082,12.658512465223332,11.510456650234465,16.929134350956392,13.494171002538687
Y31,27.887209134794276,27.887209134794276,17.549881858588144,20.36337606381939,18.65499858390064,18.833369216608475
Y310,34.25063225955737,34.25063225955737,19.804483108741536,24.763202305008676,26.99449657483792,23.806007905490844
Y311,18.771928848012468,18.771928848012468,7.7995118300887265,13.27814998874697,13.219755444954721,11.396198938220872
Y312,28.937745260826436,28.937745260826436,11.780064279629231,13.045239430224079,20.86688756730094,14.915962133085698
Y313,19.209409473711847,19.209409473711847,12.973890111606394,21.86384802122087,15.501119352491004,16.71138336538893
Y314,19.3027652355648,19.3027652355648,9.09477201121856,9.351108714613451,13.950736750851377,10.76568155985989
Y315,8.889992827836593,8.889992827836593,2.3086528870884435,2.2731794079182435,4.116797266339778,2.2689732450106885
Y316,11.412720306898516,11.412720306898516,3.6196671966175678,4.312793477269823,6.833519271191506,4.908662869863786
Y317,10.65649925011159,10.65649925011159,1.1855584435828268,1.474679807067696,6.254488038445885,2.893858624327704
Y318,35.86777459003623,35.86777459003623,25.77886448666386,30.593985902684526,30.710989557501154,29.00049352014682
Y319,24.91705705624354,24.91705705624354,14.205558556467848,15.781391529279722,18.816154727540113,16.24342711507715
Y32,5.867052884649258,5.867052884649258,41.825694036541314,41.39155019746092,11.94627038005431,33.01966210975106
Y320,24.100691674864976,24.100691674864976,11.226526511514143,13.929279361808453,18.18995614791307,14.321498169573069
Y321,24.059299751132073,24.059299751132073,19.296591194965348,20.951131121221817,18.11381687793411,19.439545834808765
Y322,24.030790899460072,24.030790899460072,14.538241177190455,15.359647015475801,19.2925450852637,16.373924788974005
Y323,32.04820623739608,32.04820623739608,26.135949126967663,30.451837605466476,26.89843710040772,27.808716279617546
Y324,24.451706865765924,24.451706865765924,18.27386620071891,19.67480348732863,20.107653712196683,19.345859741148885
Y325,42.72469871265802,42.72469871265802,32.740509117174184,38.2984739119688,38.239236027226426,36.39180081014542
Y326,19.244272810972447,19.244272810972447,14.637175715433452,22.501699608053354,16.812664109570367,17.93057888228257
Y327,6.579321847094069,6.579321847094069,16.11469495346608,15.54707001495183,10.27659876533195,14.024230060063767
Y328,14.390609051716611,14.390609051716611,9.551618590340263,15.240379637425962,11.519843647197497,12.07507648341151
Y329,13.303081098655305,13.303081098655305,4.624587904958248,4.933424214766532,8.538838624398869,5.484711961877298
Y33,7.4839220725780224,7.4839220725780224,15.35049291879637,14.928072443076971,8.450017035237838,13.02628946655706
Y330,22.0813305653335,22.0813305653335,12.616120371668076,13.108300427577992,18.11450358443676,14.578698729688561
Y331,12.916983650887056,12.916983650887056,1.6691924294508562,2.1464034171962756,7.498171430475995,3.336626611642188
Y332,23.62927793711818,23.62927793711818,70.16133867847586,69.82674084581394,24.53271685695739,57.44150580482392
Y333,15.250173929627147,15.250173929627147,56.024986188543544,55.75199000103561,15.374214209279026,43.20699679062113
Y334,24.292292312369998,24.292292312369998,73.43832117951217,73.11743601741057,25.17962686029921,60.24972561400656
Y335,15.473808368999796,15.473808368999796,62.30330940901035,62.01752611870152,16.308940197469877,48.540364211334584
Y336,40.44137263137481,40.44137263137481,13.825314967487145,14.127104644652965,37.28747795003621,20.772284612075538
Y337,30.18302763993957,30.18302763993957,10.132498526593084,9.98921851953306,27.01300108140804,5.383038613108237
Y338,113.81493433568552,113.81493433568552,126.77631168529075,127.44028324921267,126.65337485344118,126.96083493289383
Y339,9.717395849348499,9.717395849348499,11.931532558815867,13.490076713624468,12.49537742004172,12.636207662452486
Y34,14.867276261492608,14.867276261492608,9.71727157735186,12.40346957337217,8.540732553229043,10.204564502280258
Y340,20.212336884136295,20.212336884136295,22.026617104993942,20.582433138395967,21.58493599381499,21.408588566832503
Y341,28.2459711231822,28.2459711231822,30.78316373715025,29.305397500238758,30.62921706979311,30.25530831871788
Y342,28.894288211457255,28.894288211457255,37.21099600372147,36.09201536629673,32.02658993619228,35.14821401659264
Y343,9.01767612327143,9.01767612327143,44.0505896750389,17.98927941113287,11.472140527338675,15.065686425820083
Y344,9.608595411569256,9.608595411569256,47.308229837052345,19.59892260753544,11.718207532809979,16.347138602456802
Y345,31.340140951357565,31.340140951357565,30.282635254079207,31.291459991546688,33.07582136069512,31.599726117324064
Y346,32.310386227062565,32.310386227062565,35.073360190242255,33.53881829249741,34.75806382552761,34.472877930680326
Y347,12.479453621212718,12.479453621212718,7.313350500117774,7.0850980331544,7.221486975883491,3.6041005162540514
Y348,14.09459394717627,14.09459394717627,4.864919794631164,4.686120951594247,8.913221685225837,2.8504417393185
Y349,27.16342291917266,27.16342291917266,4.339972080581826,4.601218744500222,22.371863188710364,10.057848027119185
Y35,6.40277577606824,6.40277577606824,7.593095692658605,10.181521875998163,13.119426624809426,10.193198925396118
Y350,7.143271137021764,7.143271137021764,36.40114424727297,36.0634275111067,16.658363371850374,30.292714837603153
Y351,37.94335544626893,37.94335544626893,15.321333814699843,17.985919360182958,24.110536417282493,19.06821494515608
Y352,41.17377912516421,41.17377912516421,42.02151184195836,42.05260181757228,39.920858714715216,41.359412924412005
Y353,37.352327359357794,37.352327359357794,38.59809150391621,40.6488204876787,41.01780407208346,40.08212953939398
Y354,108.93016124396524,108.93016124396524,89.46638157625955,86.88272101434065,78.63482716804047,84.8933647385203
Y355,70.89347532108572,70.89347532108572,69.13454844648193,68.71895277886034,69.36825912141711,69.0748146950616
Y356,28.50475735330132,28.50475735330132,26.666063880516415,26.89955304506905,27.688928838963324,27.08493813294494
Y357,39.88898577736388,39.88898577736388,30.107740611614023,31.11620558056224,34.98222644971676,32.0446104954996
Y358,63.40864415614715,63.40864415614715,67.98005376501688,67.0744607312517,65.18937779510664,66.78369688811857
Y359,38.76589874041574,38.76589874041574,36.926080031356356,36.0220446244826,38.148471650940216,37.05079475336543
Y36,68.99735857491389,68.99735857491389,33.76740456340911,34.26140913829452,59.64039406794888,41.177917402702285
Y360,70.00470613858624,70.00470613858624,63.70638951141789,63.659452757315684,69.37721128012099,65.53378436581382
Y361,45.90870446128405,45.90870446128405,44.5611014015821,44.36515708211487,44.24025461891309,44.43986061674763
Y362,9.27817046837664,9.27817046837664,14.627519845674053,13.543033451313178,13.532500940997531,13.9032267475722
Y363,8.714613830223703,8.714613830223703,14.142658178320284,13.021967551934774,12.974396396115575,13.38210275223011
Y364,8.845435613677052,8.845435613677052,14.267623482860756,13.123716780319844,13.144353349339026,13.514281872707288
Y365,10.156302709366976,10.156302709366976,15.371864365257514,14.383110809920218,14.319080794708311,14.693305962962151
Y366,21.443027288684494,21.443027288684494,35.53081333718659,27.869476745174243,24.64770413080664,29.51068067467312
Y367,11.96550881730443,11.96550881730443,18.180354291867513,17.442767175208232,16.42185264783214,17.35195821073445
Y368,12.447154281047872,12.447154281047872,18.545343519861735,17.81796798897607,16.73806017665963,17.704316939810422
Y369,9.051396622051948,9.051396622051948,14.21685329826945,13.37621058698913,12.799924129088504,13.467145945965212
Y37,71.4457452166094,71.4457452166094,68.5404312094485,68.5554894933672,64.11797900811807,66.9498916171158
Y370,10.351854296678633,10.351854296678633,11.64096373697644,10.773186683454862,10.281002239623666,10.782089707451652
Y371,10.569497421657191,10.569497421657191,16.843358499554586,19.972954095292412,11.592687406781586,15.964880865371661
Y372,11.543003211829848,11.543003211829848,14.127021500149413,13.032226221642702,14.445752515651732,13.871346829287267
Y373,49.27732000093814,49.27732000093814,46.22608500701683,45.324371377687875,45.87073161953813,45.8061534754471
Y374,28.535708080281665,28.535708080281665,26.720717789072328,27.270788209792087,25.97620463982317,26.65505419619618
Y375,16.12680857003828,16.12680857003828,21.808564738443156,19.38176518264098,21.596305365989007,20.937733763742653
Y376,28.12287728637203,28.12287728637203,52.095529009870766,41.664791695500604,35.619828373547044,43.44097984831446
Y377,42.48826662400947,42.48826662400947,47.070560008106206,43.51084489269857,43.29945148610927,44.6796367847779
Y378,23.39252050279316,23.39252050279316,35.02707013630893,27.86615574043155,32.68348382755414,31.9238932746305
Y379,19.85920455645734,19.85920455645734,19.03143571028252,17.311831708476394,18.035874365755273,17.72965872693423
Y38,22.572548382170464,22.572548382170464,8.318707117502187,7.937021878701105,11.495241953524777,4.671138074190375
Y380,8.370904243035833,8.370904243035833,9.048492035925543,8.221288323759335,10.043794254354424,9.108073981074297
Y381,6.501033886806456,6.501033886806456,9.928065463392345,9.695369009515597,9.330542499204864,9.651712945904675
Y382,7.560084661751433,7.560084661751433,10.860630245711244,10.646201694282503,10.793006535714788,10.76655543697772
Y383,4.029578969788502,4.029578969788502,8.502961817337384,2.9732617808615074,3.398551033623143,4.002199920573417
Y384,13.674584819576127,13.674584819576127,21.81696246439812,21.383097424717608,17.120016235986878,20.137612090946224
Y385,3.8602559671851657,3.8602559671851657,20.313521380281188,19.940575756585528,3.1763962769227736,14.44795018798203
Y386,9.38857718938602,9.38857718938602,5.021814620340744,5.274337556615703,6.257333510948989,5.427951319467805
Y387,7.154905393323773,7.154905393323773,7.773139223401844,5.978305241933491,5.508120636147743,5.549068778690619
Y388,6.156948795394366,6.156948795394366,11.801068797659566,7.371355330200667,10.660035851567548,9.971594634897546
Y389,17.598787988012973,17.598787988012973,9.423456647599869,8.735946774413199,11.907865322262245,10.011810448202409
Y39,43.336762876150544,43.336762876150544,14.907045367376512,15.13072606835931,34.417195869136584,20.928638454348757
Y390,3.24521278537685,3.24521278537685,0.8497334628113223,0.7919677115460241,1.1892790064640149,0.1562886191393071
Y391,3.3430642375046955,3.3430642375046955,0.7384810343920766,0.6772772305478106,1.2613296003281083,0.06503035384309515
Y392,4.400002920690803,4.400002920690803,2.170227719507959,2.1008440715273466,2.0243707158134807,1.5147303557406124
Y393,12.368927313910362,12.368927313910362,11.198335247838775,11.602308019139159,11.268476224832192,11.355762199514771
Y394,16.45618947353743,16.45618947353743,15.338008333902126,15.468048804286456,15.46066335689688,15.422139149059007
Y395,10.829068032864859,10.829068032864859,10.214359827969453,10.539535759168663,9.880399434902648,10.211677237964844
Y396,11.5176301883958,11.5176301883958,9.916591346662019,10.965046520744943,10.438627188636913,10.435868810301056
Y397,13.89087747067486,13.89087747067486,13.092250808420678,13.463798519430469,12.776216595709165,13.109337346022881
Y398,8.396279116302322,8.396279116302322,10.774192147873626,9.070038478634842,10.809339791226177,10.225368452083268
Y399,13.835708166007215,13.835708166007215,12.326784160629503,13.459949570171668,12.818234518542381,12.864231747000616
Y4,10.811402979373531,10.811402979373531,9.863695030187886,5.21529005433193,5.376880521869251,6.443059043892345
Y40,55.840349784169256,55.840349784169256,18.121604611648284,18.39623575951842,46.31073262917831,24.718076083014676
Y400,8.291611055384989,8.291611055384989,13.493978865725373,8.350899252271544,10.058875714502395,10.000398768654135
Y401,13.331239135666587,13.331239135666587,12.680769150745041,12.750984306899324,12.530047352394087,12.654384159268249
Y402,18.91322283693613,18.91322283693613,17.99956522243394,18.912207876094104,18.258673106924675,18.38716395569438
Y403,18.206708537749563,18.206708537749563,19.098196737174334,18.956047544549627,18.088596454861673,18.71829849268779
Y404,9.053248270497521,9.053248270497521,7.97652506497656,7.740309321864967,7.635295868764959,7.649282149472891
Y405,5.97221839330773,5.97221839330773,1.499167512965878,1.6230731854419025,3.4713104986195376,1.672716856946028
Y406,5.787849564030663,5.787849564030663,1.679641055129436,1.9927526768209232,3.440478545437845,1.6826874949113675
Y407,5.97221839330773,5.97221839330773,1.499167512965878,1.6230731854419025,3.4713104986195376,1.672716856946028
Y408,5.787849564030663,5.787849564030663,1.679641055129436,1.9927526768209232,3.440478545437845,1.6826874949113675
Y409,7.839704298905928,7.839704298905928,2.6862423158332085,2.634757234782941,5.128988502631575,1.766805600188038
Y41,16.819180602535834,16.819180602535834,21.599589813701357,21.388659202227732,20.92726387491901,21.2223963011532
Y410,6.650963524875091,6.650963524875091,33.726303860906164,11.099339349177546,6.8580468774793175,10.982063043410536
Y411,5.00200669676591,5.00200669676591,2.6976213241884825,2.56128488460975,2.669444032065423,2.0686065570389123
Y412,4.758112684415278,4.758112684415278,4.130436687256999,3.4763567477559447,2.7602318931189296,3.453771670159536
Y413,4.0644560772462786,4.0644560772462786,2.490668709250611,2.305895761730567,1.6966749037142808,2.153174690571773
Y414,2.1512120831238786,2.1512120831238786,2.1515559034255554,1.9449099944998898,2.1592298638497964,1.8999252937448903
Y415,6.667568964703868,6.667568964703868,8.36856618005749,6.660871143422969,6.861285950342097,7.298859673728806
Y416,2.0807437532082247,2.0807437532082247,8.32452482837487,4.255069583026912,2.3904852648388477,4.56571777345129
Y417,8.536326717239302,8.536326717239302,2.9251908575509895,1.7170307922273629,4.827163127243875,1.435964570275799
Y418,0.5513651551315121,0.5513651551315121,10.683359567750772,9.216679754792185,2.619287433172335,7.583334084067029
Y419,5.584690934368067,5.584690934368067,7.759741923104429,7.405293057528677,6.446392696757024,7.185487912075342
Y42,16.90542701648098,16.90542701648098,23.045159110600746,22.62391970586802,8.029693917661666,13.998348854193068
Y420,3.1648546926894654,3.1648546926894654,4.3788724805924994,3.7148699532744858,3.915024562403831,4.003796602233696
Y421,5.502306235031462,5.502306235031462,4.294381943206594,4.540141246317885,4.663313071978375,4.499137030281168
Y422,10.788381584409992,10.788381584409992,17.42702548358364,16.487618110417614,16.122131387454214,16.677223088080016
Y423,34.423326599626584,34.423326599626584,28.284996054948778,33.37468744567451,32.5840412783823,31.38992444676333
Y424,22.48640348583571,22.48640348583571,27.773258482656185,26.959337520159874,28.268671336964193,27.66557462235077
Y425,19.46109681986437,19.46109681986437,36.446548434186816,35.02934466048607,31.740017016983746,34.385712469109556
Y426,0.9938751867444164,0.9938751867444164,1.1898417460673407,1.1372414764804348,1.0047740063248802,1.1107621448010403
Y427,1.1311552444403168,1.1311552444403168,1.137895396026879,1.1248480875197122,0.764026950079494,0.8066664877345356
Y428,5.15215883708462,5.15215883708462,4.787933721673469,4.85881653700374,4.875843011698453,4.786633736897006
Y429,23.905742707069354,23.905742707069354,24.078647041903555,6.574483276676119,22.92848594445392,3.068692044895147
Y43,23.06436591165013,23.06436591165013,13.69520952983803,13.34579887855944,11.16006027703335,9.61172883645157
Y430,2.491311780386898,2.491311780386898,3.43031269411791,2.308120502322849,3.911679322173891,3.2119591892096238
Y431,8.159366843250083,8.159366843250083,9.75264272709971,10.833976846713867,10.102527004343857,10.10354839749339
Y432,13.498380372841611,13.498380372841611,1.9621614173834192,6.810852163550191,10.036597378829507,6.0872013467760615
Y433,3.723124760148296,3.723124760148296,5.114323377383431,5.002169412776266,3.983171018072452,4.705235135692021
Y434,11.758382962174855,11.758382962174855,2.523148099101956,1.630969034194881,4.923478951900873,1.598085835495927
Y435,10.55835183482884,10.55835183482884,4.720385585976445,8.473927923985292,8.383951261117476,7.176959630787443
Y436,2.408768590650522,2.408768590650522,5.492674615511532,4.851269070440009,3.99172951924587,4.780960030744326
Y437,12.24257360902056,12.24257360902056,0.7115237468110508,2.4268606176601373,5.755211633186697,2.635527817960139
Y438,3.594034852312678,3.594034852312678,1.3614743918054923,0.6760947060967176,1.0471273754824681,0.3613195309570949
Y439,2.0115468691612115,2.0115468691612115,0.8020040660499866,0.6559978760385676,0.6828730833902794,0.3421837306281132
Y44,6.896839123325031,6.896839123325031,16.094617136747384,15.21235333772549,8.653433605618389,13.389292823420654
Y440,3.3565772848154025,3.3565772848154025,5.15934183509014,1.1258514599960763,1.242675515519806,2.5317003871890846
Y441,4.271705823279246,4.271705823279246,3.7216902311147813,1.632225609753102,1.0435880854400372,2.0136305304998015
Y442,3.565937435723839,3.565937435723839,6.915217850727963,6.715949890837721,4.8053628418301155,6.083009791831497
Y443,3.9247266147625006,3.9247266147625006,4.58920721268407,4.798667587891877,4.569879302382377,4.652504789407499
Y444,2.058799808206301,2.058799808206301,4.807551111040627,4.298989739624017,2.696938935593042,3.881238657359018
Y445,7.22861513524828,7.22861513524828,11.059937516166407,9.490729809037324,6.376464900238131,9.000289484193686
Y446,8.513588936834228,8.513588936834228,22.81808253713429,17.19402994395357,9.964956037469493,16.84644279365286
Y447,5.671834608290596,5.671834608290596,5.601222539869837,5.603469799260704,5.234516099376273,5.479931004508764
Y448,8.734578895136792,8.734578895136792,8.64392378486763,8.57105956283464,8.737338914092982,8.650832955080086
Y449,4.990860443097049,4.990860443097049,6.152371748983992,5.503457483331772,5.957242633527265,5.8323690395922325
Y45,25.69757115944604,25.69757115944604,3.7226318684925466,10.28158636147439,17.336714672023042,10.070702153090876
Y450,6.439619858021376,6.439619858021376,7.302405729560821,6.243125900796187,6.324065714807939,6.625017792615253
Y451,1.0895519794725048,1.0895519794725048,9.118590184176586,5.300470972086558,1.6942662441604082,5.335710122337086
Y452,3.44654154349397,3.44654154349397,9.712943295828158,3.7924049355281717,1.7731444781305763,4.049733402195679
Y453,2.0783915005341718,2.0783915005341718,4.007350320704989,3.97073864725224,3.2492748977801824,3.7433464009265056
Y454,3.0524021161927872,3.0524021161927872,6.369708137015414,4.913240868035095,3.3052156429681383,4.874644322865614
Y455,6.369878427998813,6.369878427998813,24.45905800416581,17.432328381943517,8.148890744965898,16.97983103091006
Y456,2.661736783979531,2.661736783979531,2.7710428037325303,2.6319874131529546,3.215667981414476,2.5710878578523606
Y457,4.179787344806123,4.179787344806123,6.747169940928456,6.052660849591331,4.748985953772887,5.846821703212491
Y458,6.1951947546036985,6.1951947546036985,4.2401794186683945,4.231628614114918,7.063721883677265,4.8846083465760435
Y459,6.330695111568755,6.330695111568755,8.527149707412802,7.557701381878687,7.599805080031405,7.896437683605836
Y46,10.101495161180013,10.101495161180013,16.627536246869077,16.300422008831255,5.4876517762124,9.869581317026043
Y460,3.034183911042453,3.034183911042453,5.6339856520760945,2.6703655744485637,1.0969031774538198,2.8012039600427987
Y461,2.08706858114899,2.08706858114899,9.997474122373555,8.366857435611804,4.008619440090417,7.398973339796808
Y462,5.877508159848617,5.877508159848617,3.8054135620268497,1.2060832638015082,3.3726033528267028,0.750281503664469
Y463,2.439048416023377,2.439048416023377,2.4352745992628995,3.3162593056483236,2.083892669278083,2.5978567376883737
Y464,3.2823175361549417,3.2823175361549417,8.439072662105096,8.145083493780815,5.773836646706603,7.463640521278346
Y465,1.3500638003885197,1.3500638003885197,3.648377243386728,3.420928886657116,1.727144848992843,2.937661068949692
Y466,11.43730612097889,11.43730612097889,16.35844917794519,13.977318089595938,11.848327308826379,14.01814151646854
Y467,11.82210901481354,11.82210901481354,6.485024083531737,10.127831366115279,8.7636935006712,8.434213267578665
Y468,9.159590230682417,9.159590230682417,18.606431302107378,13.869188152608837,12.507630949548622,14.954145833034625
Y469,4.2925875044749375,4.2925875044749375,7.248966892591575,4.4227255057092085,5.337345139566648,5.638267306560917
Y47,25.579619735019975,25.579619735019975,10.80369295485459,23.96469029523962,16.41547132409682,16.90393446271096
Y470,4.482099483615963,4.482099483615963,0.964152563235697,0.8558133536477751,1.4945764969879411,0.9202783672473203
Y471,1.1356722004190387,1.1356722004190387,7.004628752238798,4.830875621882158,3.9799300150825854,5.282164387575565
Y472,5.168753469384956,5.168753469384956,3.3112181151935354,3.506016621129625,2.6055549852779976,3.1398352261902747
Y473,0.1511064847478166,0.1511064847478166,0.22916824982566908,0.07697794477977848,2.9871716509195125,1.1066866504805761
Y474,0.7423318966035678,0.7423318966035678,0.21080054797625167,0.1951488284977857,2.5247141437234504,0.858419853833834
Y475,6.229540515852964,6.229540515852964,1.6574968530010796,1.720194946187742,5.251541418315444,2.8945230620374036
Y476,5.001628819548269,5.001628819548269,1.8012810009636635,2.522437273337172,4.622315949496765,2.9910710115810146
Y477,3.8142525633265407,3.8142525633265407,0.07737426242220684,0.28703009108901917,1.836267358906521,0.7304400246312622
Y478,2.484213280256184,2.484213280256184,0.47386037991906366,1.323738150240416,2.3802595532519715,1.3964508793546384
Y479,5.9837271627204265,5.9837271627204265,3.8360850460505493,4.205812781085246,5.005317004735131,4.337933736391636
Y48,44.41620047851185,44.41620047851185,7.102830311216075,6.716907107928514,35.015813054173094,6.85537141803431
Y480,3.4792383863110534,3.4792383863110534,2.475623270639726,2.0113318330116314,7.173359996164016,2.6500181119220314
Y481,3.2179493515466056,3.2179493515466056,2.4025573919474845,2.0658750199575846,7.168087844015826,2.7626084756099565
Y482,25.7421606639968,25.7421606639968,11.440478503011649,12.212999761381868,17.91202398628457,13.81003779374752
Y483,22.02916205145024,22.02916205145024,15.141519169936876,19.989860603988657,17.317020352667612,17.412333677046785
Y484,25.850575038661578,25.850575038661578,11.508340829632736,12.048324648580804,18.009818435327656,13.808485752843344
Y485,19.864597769935603,19.864597769935603,7.38132718120411,7.881652349322753,12.053382011277435,5.599171873396209
Y486,14.965001195137235,14.965001195137235,7.3039701289963945,5.657602536759794,8.353018588280536,7.09632202602113
Y487,24.4370532071037,24.4370532071037,9.226807848860652,8.126178007543807,16.04201894065269,11.065601307140696
Y488,8.652430636362986,8.652430636362986,0.7914668451266977,2.983897557824623,1.7026316556017889,1.722366850955014
Y489,28.465421574698535,28.465421574698535,8.35658112691153,9.328548285512467,19.966440824019667,12.404579810091718
Y49,25.841901065512833,25.841901065512833,27.387325127275684,27.167900402663296,17.41366007777661,15.043078863687002
Y490,6.99100397819075,6.99100397819075,9.850713392185414,8.617719000064815,10.512328613263081,9.667237849865375
Y491,48.99593701143542,48.99593701143542,19.85917713797836,20.183639809729964,40.58595889159749,26.431983978181506
Y492,13.12440256676637,13.12440256676637,8.947150406003912,8.800515845158195,4.635686917920361,7.508409672854775
Y493,18.414084606948403,18.414084606948403,6.039735819658961,7.8329316707700825,11.187106925670745,8.327592779385261
Y494,26.665734832903695,26.665734832903695,6.975222066474818,7.197111547145394,18.768516796618584,10.816874689149103
Y495,20.452871320614374,20.452871320614374,2.435198150902354,3.2690061096247534,13.1174165132413,6.142601597710224
Y496,18.22518808238539,18.22518808238539,7.477268255843125,9.011329447228936,11.329743250537602,9.258608746559013
Y497,13.413023830432452,13.413023830432452,1.7997027552795952,3.287805829733191,5.771956812402073,3.59474096852786
Y498,3.2958445710052984,3.2958445710052984,3.2023143618713914,4.162024691244067,6.502771394194397,4.634745926466807
Y499,29.512054138570296,29.512054138570296,21.707918852417553,24.451691185815275,22.221040185976495,22.78484593682985
Y5,17.931820872764515,17.931820872764515,19.9059472233072,17.572413691608766,15.110937412134122,17.555968462516894
Y50,13.733800405664015,13.733800405664015,25.415148411262482,22.152341338785323,19.991965980931315,22.586620846396738
Y500,9.41826736686701,9.41826736686701,11.869644261495736,5.759106323935609,6.555005898955611,6.546993438641143
Y501,3.1050900719940344,3.1050900719940344,6.001577879585798,3.5865949442519245,6.410493665265219,3.096134329468681
Y502,35.624940479752546,35.624940479752546,68.71405209263902,62.212383804268114,82.27451391550483,70.734233273951
Y503,54.033277444489165,54.033277444489165,45.70975917269096,51.136969556681606,50.180816829870885,48.9839015680395
Y504,4.039659064930634,4.039659064930634,26.191553417569477,16.638543050939262,4.082763683895393,14.570508022830339
Y505,5.435374274189246,5.435374274189246,4.776613613461449,4.213087906349431,3.0684348013579292,4.016004784875506
Y506,4.631147722888367,4.631147722888367,2.684781021238732,2.204785098801541,1.9133758067198867,2.2576050806562282
Y507,5.242823714653709,5.242823714653709,11.544933833648416,10.979900769554787,10.58650807455343,11.03619613000622
Y508,10.594618273181789,10.594618273181789,6.249068093825632,8.12244348065767,7.716213389330579,7.2509257086018915
Y509,13.769374583011176,13.769374583011176,19.87991904261194,17.646803102585626,16.253143170937047,17.81784194847954
Y51,29.32959408757849,29.32959408757849,18.896058003757826,10.200663032550535,23.842342010848217,14.376536793636392
Y510,7.5233573806224685,7.5233573806224685,10.31010642916343,5.161388777123366,10.053440987332499,4.981002786435767
Y511,6.938552097612958,6.938552097612958,3.4451082251101055,4.210192609115457,4.369987207968383,4.006723793626207
Y512,9.265353424910893,9.265353424910893,2.3438790182395604,1.8441140472838473,2.6946169600482395,1.5904010732055858
Y513,25.914243104255096,25.914243104255096,14.271309002883406,15.006051651532394,19.572894821480926,16.17174544937805
Y514,4.678845785361431,4.678845785361431,0.7744119183304315,2.3131995254886273,5.500624330150675,2.725442827183514
Y515,16.592911119435254,16.592911119435254,5.0484342919961795,8.691079536541869,9.569868246007115,7.74734101092488
Y516,9.277119814449021,9.277119814449021,14.41884593513016,12.74220464189257,4.985371082951505,10.565094558536549
Y517,7.7104364497297935,7.7104364497297935,19.41166561670178,13.44308818077885,8.944711145433166,13.944065063366898
Y518,4.66300610624499,4.66300610624499,2.7177507562899073,2.425538406883437,1.9453095222641645,2.3528096814595165
Y519,11.248747655196572,11.248747655196572,7.6753694779040975,9.220574851840746,11.677828039514992,9.542600137381134
Y52,18.42748180359781,18.42748180359781,7.657388455695039,5.706696102987423,9.017034188116835,4.09031545476051
Y520,8.773703509931263,8.773703509931263,15.898294924420403,8.519703264173586,12.040494480010338,12.205950551621848
Y521,5.673723252034276,5.673723252034276,5.5666065717340345,6.4350625935513674,7.429926881370115,6.480974230541796
Y522,10.82420583109076,10.82420583109076,22.3554371204677,17.834608996862613,15.00424264490762,18.452616480817685
Y523,28.75373410209936,28.75373410209936,33.10504919734345,30.25965543630838,31.718290168618818,31.71337680062254
Y524,15.075267835219899,15.075267835219899,11.68260708846826,10.707724129271,10.82963113119264,10.540124262147891
Y525,14.289694029911955,14.289694029911955,16.969098224890477,20.97747284137947,14.526291077146444,16.353059669363912
Y526,3.5280740349071933,3.5280740349071933,1.6848474371744961,1.3959294718302173,1.5469308951954786,1.3344243733011272
Y527,1.8441377311638139,1.8441377311638139,1.3340894767888412,1.6473355817633377,1.0130134687502041,0.6715862662290032
Y528,4.692502584415217,4.692502584415217,9.02494516474947,6.502909604755157,6.570826347301068,7.379068903616736
Y529,32.32234611591863,32.32234611591863,30.697493605988825,2.0517558941859573,123.78508194514541,51.31685039388515
Y53,8.927283301575677,8.927283301575677,20.467456064566175,19.468413099878656,16.123258495314673,18.698883980773665
Y530,0.8058969176104829,0.8058969176104829,1.5551603080547851,1.0880003969676444,0.7018533537719044,1.0136862166428153
Y531,5.280243929033733,5.280243929033733,0.28171829505918533,2.1509426136204506,0.4700670436954924,0.6517480382419826
Y532,13.355821854358174,13.355821854358174,4.594621235562035,4.473489329802282,8.001211088568104,3.1371235224616285
Y533,18.554485849232815,18.554485849232815,4.518625894895984,9.540105183053647,8.936441954530222,7.703278224742849
Y534,36.25829104552003,36.25829104552003,20.681855860952037,20.97305342444807,28.384911737743636,23.28315446535937
Y535,4.025049433838687,4.025049433838687,5.55432123337021,2.8868695419091694,2.5904940290681853,3.545822678532005
Y536,27.587521582080154,27.587521582080154,9.860147587635298,17.891606347710376,26.75053417482327,18.518022647784765
Y537,3.2453130127390195,3.2453130127390195,0.7069848695377484,1.3138696669743493,1.5501337668569144,1.1911685460751527
Y538,8.076614437988512,8.076614437988512,0.7562692086219481,2.161720127379439,4.102236502061539,2.1667338540527523
Y539,0.8816645173198513,0.8816645173198513,0.2769724635079585,0.3006998362056597,0.41611329896307603,0.3250578551111102
Y54,24.022239120955433,24.022239120955433,26.172684248960433,33.26448776045846,23.69829479359487,27.63606494941435
Y540,5.727841814933645,5.727841814933645,4.211365675707111,4.851156483591227,6.3843505468059165,5.1543001785230365
Y541,1.2146796306747794,1.2146796306747794,1.2293436311137824,0.6520277433648956,7.37911835471936,3.145930495374953
Y542,7.723186855615008,7.723186855615008,50.132271346230446,13.115583954874845,1.4561161873100439,18.0498488681291
Y543,6.317913265775441,6.317913265775441,1.048922867989535,0.45538355305372685,0.3609359364046166,0.6223548137643535
Y544,6.33958180508064,6.33958180508064,1.2099357292231383,0.587267137718794,0.1318877102285824,0.6442263559467754
Y545,9.102882131963893,9.102882131963893,61.91491640371262,11.351238362047821,15.563658268484671,26.777558212512577
Y546,6.1433027138607175,6.1433027138607175,0.3623408374698011,0.9635058052496124,1.9094730635974686,0.2041741015536531
Y547,22.058588101835962,22.058588101835962,39.42409546887651,37.85455394277634,33.66165973617873,36.950338242445234
Y548,7.1082794238522995,7.1082794238522995,3.7267579421168016,6.906144994368418,6.28593696961893,5.126096204117776
Y549,5.154118418674276,5.154118418674276,6.102208128774746,5.032601224782059,6.15401513910849,5.758863021556796
Y55,12.439709950537496,12.439709950537496,38.89392558250717,27.972689263772264,17.05510479325032,28.539883063192338
Y550,40.97822729765263,40.97822729765263,35.582775368817266,35.27568637002638,37.47919084853435,36.11631525768828
Y551,57.53270371427184,57.53270371427184,73.06490700874919,71.55612333501304,61.99511658254341,69.0761311657129
Y552,8.945079652554803,8.945079652554803,1.5295129108792127,9.143835486589628,10.076664173463975,7.012930586167859
Y553,16.999233008615224,16.999233008615224,26.217755442093544,22.742573846749835,22.781381614012286,23.93385249046929
Y554,13.354836016225223,13.354836016225223,21.86159305827337,16.326905597021145,17.987907048606534,18.764022573647328
Y555,13.251616038074502,13.251616038074502,1.2968263664881985,2.745470853679843,21.43768486072898,8.92988351016843
Y556,24.46973535245557,24.46973535245557,11.432189112779932,17.004334460067017,29.698611484108,19.692760185631663
Y557,33.224915523181664,33.224915523181664,57.82848608937422,47.74064316344148,38.00532040293638,48.41756488258631
Y558,28.406211887448094,28.406211887448094,41.59025563172108,59.243441133090506,34.1362557664925,44.53652775684683
Y559,27.65485910063435,27.65485910063435,34.14239259610587,31.603722781115636,34.33053141739391,33.37124202370689
Y56,42.77807342308139,42.77807342308139,24.964209775725305,25.71663146560385,35.689726230520954,28.66725148907779
Y560,3.546183081030268,3.546183081030268,3.473986532757585,2.01775915349747,6.3497972489871275,1.6614613512120295
Y561,4.9730074166972855,4.9730074166972855,9.189830955905046,9.298304056390682,7.449507061296747,8.596675904269024
Y562,5.487160490519835,5.487160490519835,6.823134686535983,6.626043311564691,5.539646219857311,6.337769957082645
Y563,6.288558698383825,6.288558698383825,13.21640428005645,12.522275163835706,9.752383054042452,11.680830968465306
Y564,14.125449822541752,14.125449822541752,6.502370789906597,10.290023533524023,12.282611599108312,9.731360098727043
Y565,19.599183935540605,19.599183935540605,27.376125358096203,32.67031702092952,14.547962865231746,14.725056539248564
Y566,2.620038752908807,2.620038752908807,10.051116241846204,6.2284156433429105,2.9263990544499947,6.412543077520092
Y567,9.119876754621236,9.119876754621236,48.06069550241087,1.2363228394194539,11.954488145345072,8.69679172150871
Y568,9.948348245558487,9.948348245558487,53.18551429304963,3.535721986054041,12.753506099497839,7.634761528568853
Y569,17.273385722799024,17.273385722799024,18.47267633858589,18.38572093061889,19.027620578611312,18.629509288009654
Y57,35.471972925149224,35.471972925149224,25.39788427590322,22.50177392323883,26.675417271604953,24.83087082186349
Y570,23.830324372315022,23.830324372315022,44.685658612891565,41.91872014748671,6.365380877954807,24.354773869898725
Y571,5.052879867851957,5.052879867851957,18.511703055110488,8.528256625240891,10.252529348375823,7.074558739424943
Y572,9.11574709983148,9.11574709983148,4.491952640850023,4.19996085137689,3.3102012901495055,3.988214392542402
Y573,10.68513258120415,10.68513258120415,6.941853611367304,10.747324670796038,4.651304506654049,7.402894794557057
Y574,18.9117408153506,18.9117408153506,7.728165588328024,11.09789765955019,12.90532931292483,10.550697389856502
Y575,16.356047377554408,16.356047377554408,124.05052754272431,54.43923512379092,24.23962345711301,41.487723577649625
Y576,21.660260596844452,21.660260596844452,22.458650357908287,17.572493978131952,20.404797568323545,20.171886803497273
Y577,26.437395540543395,26.437395540543395,7.134389926569528,6.649356483940038,21.16179047023748,6.3076834643015784
Y578,15.387467123624946,15.387467123624946,8.335669705880674,8.145587798201488,7.594245945229563,3.6231711529987756
Y579,9.75097421542228,9.75097421542228,89.74281542616451,10.648275513649308,14.914141520701138,9.988331425805887
Y58,46.445902182951215,46.445902182951215,33.30360001943606,33.84227662033457,40.20438856747448,35.73695608868599
Y580,12.444633720613382,12.444633720613382,4.532432353763935,3.9686772494601414,12.507667614929813,4.30380651997315
Y581,5.425692943634211,5.425692943634211,12.352073940490024,9.566807880120178,7.766218501793861,4.02589013592674
Y582,11.142904428775237,11.142904428775237,5.545019137132248,12.678053019010258,13.199417945000674,9.470800340030314
Y583,15.125050903533355,15.125050903533355,1.3032490306865598,1.4200953686099096,7.8879386661749615,2.8891463161944855
Y584,19.218448036787468,19.218448036787468,16.466641264106403,7.898594493300848,15.922169451439359,13.522118315317975
Y585,19.17187320940108,19.17187320940108,39.32606853400932,24.64990346309889,6.1988018390591675,16.948957444739708
Y586,8.22010726043288,8.22010726043288,27.12013067264418,14.33634097134591,5.429345075805394,6.926539468209342
Y587,28.472469638043506,28.472469638043506,58.77038729234291,62.942413159625914,38.075409573609925,51.54356292715164
Y588,6.639431359120227,6.639431359120227,4.96992755201519,2.1924969018176435,1.681208571969236,1.5594382671979428
Y589,5.544240518050674,5.544240518050674,2.5448630112769606,4.419956405903456,8.040578240614654,4.838776934326419
Y59,28.400230466671037,28.400230466671037,18.106963821057874,22.729045406762207,22.663118637103754,21.140668616104712
Y590,5.55173207809964,5.55173207809964,16.443775649183003,12.686872474533885,10.645200391132873,13.293595727151734
Y591,4.030865235262104,4.030865235262104,57.23103700576306,6.692798535403089,5.305176541379068,10.751934026711863
Y592,12.04655388765948,12.04655388765948,1.8137504014452486,2.943295542008528,6.949776953784299,3.6526986048683816
Y593,15.354067990907927,15.354067990907927,2.787442830054591,12.275632544054973,9.546843709615528,6.514587078933304
Y594,12.834694290103196,12.834694290103196,3.0429027843536343,4.438962020933778,7.241285075717946,4.295979682805394
Y595,12.755533462500177,12.755533462500177,15.964656716051564,16.879608025094463,6.024462419606053,12.804628059043639
Y596,14.827877575678235,14.827877575678235,2.6569404422289185,3.30071575931618,8.382400549874653,4.742255081650996
Y597,12.906101084344415,12.906101084344415,11.980204238308028,12.854198801222873,22.637609803703953,15.45246944141734
Y598,13.222728252897276,13.222728252897276,11.50799079083056,12.942729221562502,14.193272844085149,12.874617414114324
Y599,15.232174992599761,15.232174992599761,4.017584405010331,7.343258069783848,9.192754372908928,6.824629468500961
Y6,4.294076441729471,4.294076441729471,17.223321173870126,9.794957052091812,9.779492697789129,12.366440171561116
Y60,7.305646183381641,7.305646183381641,7.874392973725615,7.372061925571015,22.998825404993678,10.409401938378682
Y600,10.444737290410176,10.444737290410176,112.39120390601,43.09676291179951,18.861959125337794,35.75308066762963
Y601,7.0035777190017905,7.0035777190017905,166.13054969490028,144.7222934148169,14.458769266962157,121.87919266027166
Y602,23.896776479339298,23.896776479339298,55.88905491325556,50.84684249208009,30.728690200858495,46.566175538144
Y603,15.710799307504837,15.710799307504837,55.72644646065498,46.666030790167774,28.002542929892794,44.30339425187247
Y604,3.5683787561335163,3.5683787561335163,3.611650317656981,3.938300309353003,7.57466207503744,3.9102064372060084
Y605,9.258659003801725,9.258659003801725,29.482222711652852,14.44050612590898,10.957394986441429,13.274396130420257
Y606,9.871991262695095,9.871991262695095,23.555648750346762,10.773638946305619,12.180675661686562,8.740933702422671
Y607,4.807876659611303,4.807876659611303,4.520345128395661,1.8766042192488763,4.075767655607351,1.9119041562342698
Y608,4.246243459189986,4.246243459189986,14.417970435248485,9.061164019801383,8.452575145389646,6.551469313585656
Y609,9.444686421298462,9.444686421298462,2.6639299326177674,2.395895619189472,3.6887005484717186,2.538112270497947
Y61,12.72706241121476,12.72706241121476,19.727055554754397,9.337016229853337,1.409725754630643,9.92001691414154
Y610,7.555464032260229,7.555464032260229,2.681121080832922,4.790843388380361,3.2676378421694774,3.481319156669415
Y611,7.728678513102554,7.728678513102554,3.731477039317138,3.4525986452814066,2.8394082319318183,2.7634808956110954
Y612,14.753625960017303,14.753625960017303,15.296513736055147,12.050840725332046,14.409178959893788,13.485810950279246
Y613,2.90980393018202,2.90980393018202,10.722272740657553,3.3298311894815633,6.483002827317293,6.689011489044411
Y614,9.696207232721173,9.696207232721173,79.42675152119047,38.364221304871215,5.440968300982363,35.288329341393485
Y615,14.718738309182989,14.718738309182989,9.636712559092288,9.256043575761018,7.742824195035797,8.552127477010695
Y616,11.931855757531645,11.931855757531645,0.588714104942427,0.7513217025028908,7.849099305398501,2.986418856266262
Y617,32.47895912612546,32.47895912612546,5.572326241079655,5.929622115743018,23.47058158292441,11.288985083909012
Y618,5.785576862722183,5.785576862722183,0.8057508840089042,0.9275427919646138,3.0319959979451965,1.4872870545941383
Y619,9.102017385547336,9.102017385547336,2.195054202296581,2.3860548905176633,5.228463802428196,2.930120171483981
Y62,14.322188346441465,14.322188346441465,13.249663364538462,5.761668936505697,8.07227916280615,8.194483329877777
Y620,11.931855757531645,11.931855757531645,0.5847936991273163,0.7427857265822319,7.8502150395149215,2.9809060331040627
Y621,11.652161288415632,11.652161288415632,3.076035913975906,3.656969608103265,7.293452805651559,4.655045073517269
Y622,8.656151347444892,8.656151347444892,1.1318529879086223,0.7677795068360885,3.717488341472824,1.0009339429919548
Y623,19.68321467321128,19.68321467321128,8.375243814311599,10.244362337517384,12.026323835283293,10.194221928720886
Y624,22.537342738267252,22.537342738267252,8.543974107180455,8.88061160355745,14.772038057161595,9.89250118935105
Y625,23.697060691109574,23.697060691109574,5.766207800260948,5.803362869542034,18.052311980536384,8.244100021030723
Y626,30.627254996063048,30.627254996063048,21.106399257032308,36.022116080486725,25.88160834323482,27.509892284016374
Y627,12.875045081908409,12.875045081908409,1.882246691848663,1.8813080478380215,9.3831664066598,3.3234778602405535
Y628,14.857496546096433,14.857496546096433,8.831331490060204,9.728708417440062,9.562377979851162,9.372530374475867
Y629,34.86133925751506,34.86133925751506,25.314914494813745,28.009208539930423,28.753863468448206,27.34634625378754
Y63,8.378383451776251,8.378383451776251,8.28506324358833,14.768557920193812,9.259587039917719,9.25322039276009
Y630,7.333224654145013,7.333224654145013,5.865203910024132,5.960732355255202,4.868224938285827,5.503894500839256
Y631,27.73122359736283,27.73122359736283,28.939715629965008,28.640134741220947,31.386904861287068,29.647437377566007
Y632,9.765785579405433,9.765785579405433,11.634764709585673,7.525112618170728,7.108661186914557,7.73190610133031
Y633,7.688096047646982,7.688096047646982,2.702928621047884,2.6621391080125556,2.7139896460440496,2.661586246683387
Y634,10.018073093543,10.018073093543,3.8777732727174645,4.40468649084105,4.816880473745464,4.252673256737127
Y635,41.22106430929961,41.22106430929961,29.353971050636943,28.785381722359812,26.868054663993494,28.34629363078605
Y636,57.37819625820919,57.37819625820919,35.081446750081874,33.901595521667,34.05893471773667,33.951552036621365
Y637,66.2578824096767,66.2578824096767,77.87481600126694,73.04831916788146,73.85909042693366,74.99720117558458
Y638,7.140768642854429,7.140768642854429,8.267932453924368,9.24773702626049,7.255847595536,7.474550547914087
Y639,27.977219253613526,27.977219253613526,11.573677713133604,9.897117691745017,11.1926699324378,10.881954966655163
Y64,30.08000893592538,30.08000893592538,5.946199248405736,6.01553661037607,26.786213872926993,7.5326753978812375
Y640,14.71892494392244,14.71892494392244,16.16819435135567,14.586684984034378,14.846261147723377,15.204411591324394
Y641,21.466903727717433,21.466903727717433,21.236640978115442,23.624593850635282,20.73240002826115,21.85440476035588
Y642,15.65341481510175,15.65341481510175,13.545354387238683,13.419848204127092,13.475491120668366,13.480201689130345
Y643,6.949939807365481,6.949939807365481,8.57476722465419,8.635979229851062,7.828708399244429,8.344719472891574
Y644,28.17181102885144,28.17181102885144,28.02223494800538,27.937765007853617,28.033462988529532,27.999352550493814
Y645,21.130295770664926,21.130295770664926,24.313984337351858,23.570009812430822,23.468251103423995,23.786819598158193
Y65,29.620097043150015,29.620097043150015,6.68739633075823,6.93203849042397,20.68607059977497,10.581907010103372
Y66,3.831232019559842,3.831232019559842,43.936486600370976,36.34724907813365,8.969427711419707,31.036968545014833
Y67,10.40254398919019,10.40254398919019,12.528671816143648,5.531890919431944,2.7890912007244144,6.260397022876892
Y68,29.268782904719128,29.268782904719128,10.7379093539962,23.148213421083042,19.488584375695122,17.606005926817666
Y69,13.874176518902331,13.874176518902331,14.050796139019075,14.020016364728383,14.41478590912756,14.161471431234055
Y7,2.858456033303384,2.858456033303384,16.976781552017375,8.69929900981843,7.815205307736214,11.26386626337222
Y70,21.886934206885922,21.886934206885922,7.798802693227143,10.601715484113454,14.316727395777937,10.213767426289158
Y71,25.365407131254447,25.365407131254447,7.4925939226679725,9.555210977835921,16.50804977827788,10.972076070028644
Y72,14.489779357072711,14.489779357072711,5.880978588246308,6.562167542383773,7.029163950597577,5.162153390269152
Y73,7.41463901594043,7.41463901594043,46.71005503927753,46.1135126468094,4.54284279066109,34.768838894790825
Y74,17.16207713188874,17.16207713188874,3.4384868113610576,10.216964868170647,4.410831010108737,4.897431521106031
Y75,35.007657718563834,35.007657718563834,56.56158063252098,56.209127904352975,40.023366428580225,51.13295740833869
Y76,56.76020511049956,56.76020511049956,33.61190479814142,26.010808641146642,45.40327165243033,34.72905955571136
Y77,25.417234595677698,25.417234595677698,7.751908754430161,8.276123986359666,13.907021931183849,9.526925756389453
Y78,26.593480283464668,26.593480283464668,13.577607474411684,10.262285902193083,18.116294964665286,13.924405556979963
Y79,57.07883557963899,57.07883557963899,66.82525557925852,65.72079098018999,62.40020625688339,64.97404949584792
Y8,9.177745558760975,9.177745558760975,57.16921996597716,56.73464674180071,16.325423367650554,45.70414512558187
Y80,13.666201350368008,13.666201350368008,25.873746857367095,15.083824262431946,12.518498761717623,17.631673581922424
Y81,5.826491737473458,5.826491737473458,15.420505881380874,15.721195088519252,11.54377091842951,14.257778577166436
Y82,55.62648371772948,55.62648371772948,44.37467644084948,42.70232518923164,55.20961223399896,47.64369693038291
Y83,15.304132133311427,15.304132133311427,24.165917678466467,22.051760754356863,6.476607574677684,16.887911393582495
Y84,10.717050307912729,10.717050307912729,24.95699255717459,24.640986840718337,18.87681051948669,22.92868567495923
Y85,17.895813609642854,17.895813609642854,5.341175313081721,7.320772365156018,7.594039751618553,5.380412298383466
Y86,5.772293445059908,5.772293445059908,65.58074348749228,65.08998964969959,10.96616346841759,51.6467208448035
Y87,13.773644976054548,13.773644976054548,14.168663125017124,13.390157849966599,12.94217019001257,12.785231447899312
Y88,23.003977792946632,23.003977792946632,7.364712839447306,7.889024531922954,13.439033106511078,9.187186105442883
Y89,28.50887791951277,28.50887791951277,11.385768493162944,14.672533314127897,19.133238642847576,15.008626775799579
Y9,33.35055507647663,33.35055507647663,15.83135021212621,29.82118307840784,25.530934322147274,23.54074521562839
Y90,10.124707334757678,10.124707334757678,10.567347424829217,10.283267969427667,7.725177134700545,9.519989720407581
Y91,31.304397158660024,31.304397158660024,20.56034771584262,21.62659826613756,22.434135703460715,21.523099859623233
Y92,49.12359920207282,49.12359920207282,32.53583921838052,33.484790366898324,40.772466112988035,35.53479906322318
Y93,38.106735441840605,38.106735441840605,18.977493511891517,19.776801389710286,27.94957770856709,22.044129814451537
Y94,4.802668463824732,4.802668463824732,55.205181972237575,54.76751286942626,10.57506969747522,43.15686045090345
Y95,23.170089366693826,23.170089366693826,16.24640823159136,19.41373755976057,20.361989946460426,18.656840278100873
Y96,22.261643964307364,22.261643964307364,11.394008771538557,22.38655931685911,16.567526128249018,16.67285244385258
Y97,7.3165449664126285,7.3165449664126285,8.81697635021449,2.184721644596976,3.2933150114447147,4.023696823030918
Y98,17.444651474504557,17.444651474504557,29.230833176786604,28.407870926824838,23.732059370394026,26.769803928579364
Y99,22.47182739301243,22.47182739301243,20.461733019843084,28.223933663515947,26.988187417143678,24.53715551943958
